{
  "packages": [
    {
      "name": "FTTech",
      "maintainer": "FTTech - Soluções em Tecnologia",
      "websiteUrl": "https://FTTech.com.br",
      "Url": "https://raw.githubusercontent.com/FTTechBrasil/CustomBoardsPublic/master/IndexFiles/package_fttech_index.json",
      "email": "contato@FTTech.com",
      "platforms": [
        {
          "name": "FTTech SAMD Boards - (dependency: Arduino SAMD Boards 1.8.11)",
          "architecture": "samd",
          "version": "2.1.0",
          "deprecated": false,
          "category": "Contributed",
          "url": "https://github.com/FTTechBrasil/CustomBoardsPublic/blob/master/IndexFiles/FTTech-2.1.0.zip?raw=true",
          "archiveFileName": "FTTech-2.1.0.zip",
          "checksum": "SHA-256:30313D67C29965E12545B0A9CC75EBE6CCC3CCEB0A7A45C217F67C92E1EC4888",
          "size": 3351289,
          "boards": [
            {
              "name": "FTTech SmartNode 3S V9 (SAMD51)"
            },
            {
              "name": "FTTech SmartNode 3S V8 (SAMD51)"
	    },
            {
              "name": "FTTech SmartNode 1S (SAMD51)"
            },
            {
              "name": "FTTech SmartNode Swarm (SAMD51)"
            },
            {
              "name": "FTTech SmartNode 1S (SAMD51) V0"
            }
          ],
          "help": {
            "online": "https://www.FTTech.com.br"
          },
          "toolsDependencies": [
            {
              "packager": "FTTech",
              "name": "arm-none-eabi-gcc",
              "version": "9-2019q4"
            },
            {
              "packager": "arduino",
              "name": "bossac",
              "version": "1.7.0-arduino3"
            },
            {
              "packager": "arduino",
              "name": "bossac",
              "version": "1.8.0-48-gb176eee"
            },
            {
              "packager": "arduino",
              "name": "openocd",
              "version": "0.10.0-arduino7"
            },
            {
              "packager": "FTTech",
              "name": "CMSIS",
              "version": "5.4.0"
            },
            {
              "packager": "arduino",
              "name": "CMSIS-Atmel",
              "version": "1.2.0"
            },
            {
              "packager": "arduino",
              "name": "arduinoOTA",
              "version": "1.2.1"
            }
          ]
        }
      ],
      "tools": [
        {
          "name": "arm-none-eabi-gcc",
          "version": "9-2019q4",
          "systems": [
            {
              "host": "arm-linux-gnueabihf",
              "url": "http://downloads.arduino.cc/tools/gcc-arm-none-eabi-7-2019-q4-major-linuxarm.tar.bz2",
              "archiveFileName": "gcc-arm-none-eabi-7-2019-q4-major-linuxarm.tar.bz2",
              "size": 96613739,
              "checksum": "SHA-256:34180943d95f759c66444a40b032f7dd9159a562670fc334f049567de140c51b"
            },
            {
              "host": "aarch64-linux-gnu",
              "url": "https://developer.arm.com/-/media/Files/downloads/gnu-rm/9-2019q4/gcc-arm-none-eabi-9-2019-q4-major-aarch64-linux.tar.bz2",
              "archiveFileName": "gcc-arm-none-eabi-9-2019-q4-major-aarch64-linux.tar.bz2",
              "size": 128670769,
              "checksum": "MD5:0dfa059aae18fcf7d842e30c525076a4"
            },
            {
              "host": "i686-mingw32",
              "url": "https://github.com/adafruit/arduino-board-index/releases/download/build-tools/gcc-arm-none-eabi-9-2019-q4-major-win32.zip",
              "archiveFileName": "gcc-arm-none-eabi-9-2019-q4-major-win32.zip",
              "size": 153520070,
              "checksum": "MD5:9d60cbb0e358ab6a9d3c9e5dc3624dd2"
            },
            {
              "host": "x86_64-apple-darwin",
              "url": "https://developer.arm.com/-/media/Files/downloads/gnu-rm/9-2019q4/gcc-arm-none-eabi-9-2019-q4-major-mac.tar.bz2",
              "archiveFileName": "gcc-arm-none-eabi-9-2019-q4-major-mac.tar.bz2",
              "size": 116770520,
              "checksum": "MD5:241b64f0578db2cf146034fc5bcee3d4"
            },
            {
              "host": "x86_64-pc-linux-gnu",
              "url": "https://developer.arm.com/-/media/Files/downloads/gnu-rm/9-2019q4/gcc-arm-none-eabi-9-2019-q4-major-x86_64-linux.tar.bz2",
              "archiveFileName": "gcc-arm-none-eabi-9-2019-q4-major-x86_64-linux.tar.bz2",
              "size": 116802378,
              "checksum": "MD5:fe0029de4f4ec43cf7008944e34ff8cc"
            },
            {
              "host": "i686-pc-linux-gnu",
              "url": "http://downloads.arduino.cc/tools/gcc-arm-none-eabi-7-2018-q2-update-linux32.tar.bz2",
              "archiveFileName": "gcc-arm-none-eabi-7-2018-q2-update-linux32.tar.bz2",
              "size": 97427309,
              "checksum": "SHA-256:090a0bc2b1956bc49392dff924a6c30fa57c88130097b1972204d67a45ce3cf3"
            }
          ]
        },
        {
          "name": "CMSIS",
          "version": "5.4.0",
          "systems": [
            {
              "host": "i686-mingw32",
              "url": "https://github.com/ARM-software/CMSIS_5/archive/5.4.0.tar.gz",
              "archiveFileName": "CMSIS_5-5.4.0-adafruit.tar.gz",
              "size": 153772853,
              "checksum": "SHA-256:93d09907ceb23a520ef65e6b5014d2e866efa6b7f5fe5d8828b29bbc54dec697"
            },
            {
              "host": "x86_64-apple-darwin",
              "url": "https://github.com/ARM-software/CMSIS_5/archive/5.4.0.tar.gz",
              "archiveFileName": "CMSIS_5-5.4.0-adafruit.tar.gz",
              "size": 153772853,
              "checksum": "SHA-256:93d09907ceb23a520ef65e6b5014d2e866efa6b7f5fe5d8828b29bbc54dec697"
            },
            {
              "host": "x86_64-pc-linux-gnu",
              "url": "https://github.com/ARM-software/CMSIS_5/archive/5.4.0.tar.gz",
              "archiveFileName": "CMSIS_5-5.4.0-adafruit.tar.gz",
              "size": 153772853,
              "checksum": "SHA-256:93d09907ceb23a520ef65e6b5014d2e866efa6b7f5fe5d8828b29bbc54dec697"
            },
            {
              "host": "i686-pc-linux-gnu",
              "url": "https://github.com/ARM-software/CMSIS_5/archive/5.4.0.tar.gz",
              "archiveFileName": "CMSIS_5-5.4.0-adafruit.tar.gz",
              "size": 153772853,
              "checksum": "SHA-256:93d09907ceb23a520ef65e6b5014d2e866efa6b7f5fe5d8828b29bbc54dec697"
            },
            {
              "host": "arm-linux-gnueabihf",
              "url": "https://github.com/ARM-software/CMSIS_5/archive/5.4.0.tar.gz",
              "archiveFileName": "CMSIS_5-5.4.0-adafruit.tar.gz",
              "size": 153772853,
              "checksum": "SHA-256:93d09907ceb23a520ef65e6b5014d2e866efa6b7f5fe5d8828b29bbc54dec697"
            },
            {
              "host": "aarch64-linux-gnu",
              "url": "https://github.com/ARM-software/CMSIS_5/archive/5.4.0.tar.gz",
              "archiveFileName": "CMSIS_5-5.4.0-adafruit.tar.gz",
              "size": 153772853,
              "checksum": "SHA-256:93d09907ceb23a520ef65e6b5014d2e866efa6b7f5fe5d8828b29bbc54dec697"
            },
            {
              "host": "all",
              "url": "https://github.com/ARM-software/CMSIS_5/archive/5.4.0.tar.gz",
              "archiveFileName": "CMSIS_5-5.4.0-adafruit.tar.gz",
              "size": 153772853,
              "checksum": "SHA-256:93d09907ceb23a520ef65e6b5014d2e866efa6b7f5fe5d8828b29bbc54dec697"
            }
          ]
        }
      ],
      "help": {
        "online": "https://FTTech.com.br"
      }
    }
  ],
  "IsTrusted": false
}